<?xml version="1.0" encoding="UTF-8"?>
<flow xmlns="http://www.springframework.org/schema/webflow"
      xmlns:xsi="http://www.w3.org/2001/XMLSchema-instance"
      xsi:schemaLocation="
		http://www.springframework.org/schema/webflow 
		http://www.springframework.org/schema/webflow/spring-webflow.xsd">

    <var class="com.cclife.registration.domain.RegistrationForm"
         name="form" />
    <var class="com.cclife.registration.domain.Paypal"
             name="payObj" />
    
    <on-start>
        <!--
        <evaluate expression="registrationService.initializeForm()" result="form" />
        -->
        <evaluate expression="registrationController.initializeForm()" result="form" />
    </on-start>
    
    <view-state id="step1" model="form" view="cccc/step1">
        <transition on="next" to="createNewOrSkip"/> 
        <transition on="cancel" to="cancel"/>
    </view-state>
    
    <decision-state id="createNewOrSkip">
        <if test="form.registrants == null || form.registrants.isEmpty() " then="createNew" else="step3" />
    </decision-state>

    <action-state id="createNew">
        <evaluate expression="registrationController.createNewPerson(form)" 
                  result="flowScope.registrant" />
        <transition to="step2" />
    </action-state>
    
    <view-state id="step2" model="registrant" view="cccc/step2">
        <transition on="previous" to="step1"/>
        <transition on="next" to="step3"/> 
        <transition on="cancel" to="cancel"/>
    </view-state>

    <view-state id="step3" model="form" view="cccc/step3">
        <transition on="previous" to="step1"/>
        <transition on="new" to="createNew"/>
        <transition on="next" to="review"/>
        <transition on="cancel" to="cancel"/>
    </view-state>
    
    <view-state id="review" model="form" view="cccc/review">
        <transition on="previous" to="step3" validate="false"/>
        <transition on="next" to="payment"/>
        <transition on="cancel" to="cancel"/>
    </view-state>

    <decision-state id="payment">
        <if test="form.paymentMethod == form.paymentMethod.PERSONAL_CHECK" then="confirmAndPayByCheck"/>
        <if test="form.paymentMethod == form.paymentMethod.CREDIT_CARD" then="prepareCredit"/>
    </decision-state>

    <action-state id="prepareCredit">
        <evaluate expression="registrationController.createPaypalRequest(form)"
                  result="payObj"/>
        <transition to="confirmAndPayByCredit" />
    </action-state>

    <end-state id="confirmAndPayByCheck" view="cccc/confirmAndPayByCheck" />
    <end-state id="confirmAndPayByCredit" view="cccc/confirmAndPayByCredit" />
    
    <end-state id="success" view="cccc/success"/>
    <end-state id="cancel" view="cccc/cancel"/>

</flow>