<?xml version="1.0" encoding="UTF-8"?>
<beans xmlns="http://www.springframework.org/schema/beans"
       xmlns:xsi="http://www.w3.org/2001/XMLSchema-instance"
       xmlns:context="http://www.springframework.org/schema/context"
       xmlns:tx="http://www.springframework.org/schema/tx"
       xsi:schemaLocation="
           http://www.springframework.org/schema/beans
           http://www.springframework.org/schema/beans/spring-beans-2.5.xsd
           http://www.springframework.org/schema/context
           http://www.springframework.org/schema/context/spring-context-2.5.xsd
           http://www.springframework.org/schema/tx
           http://www.springframework.org/schema/tx/spring-tx-2.5.xsd">

    <context:component-scan base-package="com.cclife.registration"/>

    <!-- Instructs Spring to perfrom declarative transaction management on annotated classes -->
    <tx:annotation-driven />

    <!--
            PersistenceAnnotationBeanPostProcessor can be registered automatically
            to install Entity Manager into instance whose property is annotated
            with @PersistentContext
    -->
    <bean class="org.springframework.dao.annotation.PersistenceExceptionTranslationPostProcessor" />

    <!-- Drives transactions using local JPA APIs -->
    <bean id="transactionManager" class="org.springframework.orm.jpa.JpaTransactionManager">
        <property name="entityManagerFactory" ref="entityManagerFactory" />
    </bean>
		
    <!-- Creates a EntityManagerFactory for use with the Hibernate JPA provider and a simple in-memory data source populated with test data -->
    <bean id="entityManagerFactory" class="org.springframework.orm.jpa.LocalContainerEntityManagerFactoryBean">
        <property name="persistenceUnitName" value="registrationDatabase" />
        <property name="dataSource" ref="dataSource" />
        <property name="jpaVendorAdapter">
            <bean class="org.springframework.orm.jpa.vendor.HibernateJpaVendorAdapter">
                <property name="databasePlatform" value="org.hibernate.dialect.MySQLDialect" />
                <property name="showSql" value="true" />
                <property name="generateDdl" value="true" />
            </bean>
        </property>
    </bean>

    <!-- Deploys a in-memory "booking" datasource populated -->
    <bean id="dataSource" class="org.springframework.jdbc.datasource.DriverManagerDataSource">
        <property name="driverClassName" value="com.mysql.jdbc.Driver" />
        <property name="url" value="jdbc:mysql://localhost:3306/cccmdb" />
        <property name="username" value="root" />
        <property name="password" value="mysql" />
    </bean>
	
</beans>