<?xml version="1.0" encoding="UTF-8"?>

<beans xmlns="http://www.springframework.org/schema/beans"
       xmlns:xsi="http://www.w3.org/2001/XMLSchema-instance"
       xmlns:aop="http://www.springframework.org/schema/aop"
       xsi:schemaLocation="
                    http://www.springframework.org/schema/beans
                    http://www.springframework.org/schema/beans/spring-beans.xsd
                    http://www.springframework.org/schema/aop
                    http://www.springframework.org/schema/aop/spring-aop.xsd">

   
    <bean id="propertyConfigurer" class="org.springframework.beans.factory.config.PropertyPlaceholderConfigurer">
        <property name="location">
            <value>classpath:registration-config.properties</value>
        </property>
    </bean>
          
    <bean id="messageSource"
          class="org.springframework.context.support.ResourceBundleMessageSource">
        <property name="basename" value="messages" />
    </bean>
    
    <bean id="paypalInstance" class="com.cclife.registration.domain.Paypal">
        <property name="cmd" value="${redirect_cmd}" />
        <property name="redirect_cmd" value="${redirect_cmd}" />
        <property name="business" value="${business}" />
        <property name="item_name" value="${item_name}"/>
        <property name="no_shipping" value="${no_shipping}"/>
        <property name="no_note" value="${no_note}"/>
        <property name="currency_code" value="${currency_code}"/>
        <property name="lc" value="${lc}"/>
        <property name="bn" value="${bn}"/>
        <property name="return" value="${return}"/>
        <property name="notify_url" value="${notify_url}"/>
        <property name="rm" value="${rm}"/>
    </bean>
 
    <bean id="confirmationUrl" class="java.lang.String">
        <constructor-arg value="${confirmationUrl}"/>
    </bean>
    
    <bean id="confirmationAltUrl" class="java.lang.String">
        <constructor-arg value="${confirmationAltUrl}"/>
    </bean>
    
    <bean id="paypalUrl" class="java.lang.String">
        <constructor-arg value="${paypalUrl}"/>
    </bean>   
    
    <bean id="directJdbcDataSource" class="org.apache.commons.dbcp.BasicDataSource" destroy-method="close">
        <property name="driverClassName" value="${databaseDriverClassName}"/>
        <property name="url" value="${databaseUrl}"/>
        <property name="username" value="${databaseUserId}"/>
        <property name="password" value="${databasePassword}"/>
    </bean>
    
    <bean id="jdbcTemplate" class="org.springframework.jdbc.core.JdbcTemplate">
        <property name="dataSource">
            <ref bean="directJdbcDataSource"/>
        </property>
    </bean>

    <!-- =================================================================== -->
    <!-- Mail: Sender and Velocity configuration                             -->
    <!-- =================================================================== -->
    <bean id="mailEngine" class="com.cclife.registration.service.MailEngine">
        <property name="mailSender" ref="mailSender"/>
        <property name="velocityEngine" ref="velocityEngine"/>
        <property name="from" value="${mail.default.from}"/>
    </bean>

    <bean id="mailSender" class="org.springframework.mail.javamail.JavaMailSenderImpl">
        <property name="host" value="${mail.host}"/>
        <property name="port" value="${mail.port}"/>
        <property name="defaultEncoding" value="UTF-8"/> 
        <!-- Uncomment if you need to authenticate with your SMTP Server -->
        <property name="username" value="${mail.username}"/>
        <property name="password" value="${mail.password}"/>
        <property name="javaMailProperties">
            <value>
                mail.smtp.auth=true
                mail.mime.charset=UTF-8
            </value>
        </property>
    </bean>

    <!-- Configure Velocity for sending e-mail -->
    <bean id="velocityEngine" class="org.springframework.ui.velocity.VelocityEngineFactoryBean">
        <property name="velocityProperties">
            <props>
                <prop key="resource.loader">class</prop>
                <prop key="class.resource.loader.class">
                    org.apache.velocity.runtime.resource.loader.ClasspathResourceLoader
                </prop>
            </props>
        </property>
    </bean>

    <bean id="mailMessage" class="org.springframework.mail.SimpleMailMessage" scope="prototype">
        <property name="from" value="${mail.default.from}"/>
    </bean>

</beans>
