<?xml version="1.0" encoding="UTF-8"?>
<beans xmlns="http://www.springframework.org/schema/beans"
       xmlns:xsi="http://www.w3.org/2001/XMLSchema-instance"
       xmlns:mvc="http://www.springframework.org/schema/mvc"
       xmlns:context="http://www.springframework.org/schema/context"
       xsi:schemaLocation="http://www.springframework.org/schema/beans http://www.springframework.org/schema/beans/spring-beans-3.2.xsd
		http://www.springframework.org/schema/context http://www.springframework.org/schema/context/spring-context-3.2.xsd
		http://www.springframework.org/schema/mvc http://www.springframework.org/schema/mvc/spring-mvc-3.2.xsd">

    <!--
            DispatcherServlet Context: defines this servlet's request-processing infrastructure
    -->

    <!-- Imports user-defined @Controller beans that process client requests -->
    <import resource="controllers.xml" />
    <import resource="webflow.xml" />
    <import resource="/config/web-application-config.xml"/>

    <!-- Enables controllers mapped with @RequestMapping annotations, formatting annotations @NumberFormat @DateTimeFormat, and JSR 303 style validation -->
    <mvc:annotation-driven/>

    <!-- 
            Enable serving of classpath with Spring 3 resource serving mechanism. For example:
            GET /webflow-showcase/resources/styles/blueprint/print.css
    -->
    <mvc:resources mapping="/resources/**" location="/, classpath:/META-INF/web-resources/" />

    <mvc:default-servlet-handler />
    
    <!-- Maps request paths to flows in the flowRegistry; e.g. a path of /hotels/booking looks for a flow with id "hotels/booking". -->
    <bean class="org.springframework.webflow.mvc.servlet.FlowHandlerMapping">
        <property name="order" value="-1"/>
        <property name="flowRegistry" ref="flowRegistry" />
    </bean>

    <!-- Resolves logical view names returned by Controllers to Tiles; a view name to resolve is treated as the name of a tiles definition -->
    <bean id="tilesViewResolver" class="org.springframework.js.ajax.AjaxUrlBasedViewResolver">
        <property name="viewClass" value="org.springframework.webflow.mvc.view.FlowAjaxTilesView"/>
    </bean>

    <!-- Configures the Tiles layout system -->
    <bean id="tilesConfigurer" class="org.springframework.web.servlet.view.tiles2.TilesConfigurer">
        <property name="definitions">
            <list>
                <value>/WEB-INF/**/views.xml</value>
            </list>
        </property>
    </bean>
	
    <!-- Dispatches requests mapped to flows to FlowHandler implementations -->
    <bean class="org.springframework.webflow.mvc.servlet.FlowHandlerAdapter">
        <property name="flowExecutor" ref="flowExecutor"/>
    </bean>
	
</beans>